INSERT INTO users (id, name, age) VALUES (1, 'Keanan', 14), (2, 'Leonardo', 8), (3, 'Felicity', 6), (4, 'Bruno', 30), 
(5, 'Michael', 20), (6, 'Jaimee', 25), (7, 'Anika', 90), (8, 'Dawid', 27), (9, 'Keiron', 10), (10, 'Rhiana', 39), 
(11, 'Cinar', 98), (12, 'Katy', 21), (13, 'Kairon', 40), (14, 'Maegan', 35), (15, 'Oskar', 1), (16, 'Brett', 50), 
(17, 'Kate', 8), (18, 'Taya', 6), (19, 'Jonah', 4), (20, 'Lilliana', 2);

INSERT INTO projects (id, title, category, funding_goal, start_date, end_date) VALUES 
(1, 'Help me buy a computer', 'electronic', 700.00, '2014-11-14', '2014-12-14'), 
(2, 'I want to become a librarian', 'books', 0.00, '2010-02-02', '2010-03-03'), 
(3, 'The next avengers', 'film', 1000000.00, '2022-07-30', '2013-08-30'), 
(4, 'Help me feed the dog', 'favor', 10.00, '2011-10-20', '2011-11-30'), 
(5, 'Taya needs a blood transfusion', 'medical care', 600.00, '2006-03-20', '2006-03-20'), 
(6, 'I need some milk', 'grocery', 3.00, '2014-10-15', '2014-10-15'), 
(7, 'See me in my office', 'chat', 0.00, '2009-01-08', '2009-01-18'), 
(8, 'This song is amazing', 'music', 800.00, '2011-05-15', '2009-07-31'), 
(9, 'The next call of duty', 'game', 3000.00, '2007-05-15', '2009-07-31'), 
(10, 'Lets go the park', 'outing', 10.00, '2004-07-28', '2004-07-28');

INSERT INTO pledges (id, amount, user_id, project_id) VALUES
(1, 12.00, 1, 2), 
(2, 14.00, 1, 3), 
(3, 20.00, 1, 4), 
(4, 32.00, 2, 3), 
(5, 16.00, 3, 2), 
(6, 22.00, 4, 4), 
(7, 42.00, 5, 10), 
(8, 70.00, 6, 10), 
(9, 44.00, 7, 9), 
(10, 500.00, 8, 8), 
(11, 2000.00, 8, 7), 
(12, 32.00, 9, 6), 
(13, 60.00, 9, 3), 
(14, 60.00, 10, 4), 
(15, 55.00, 12, 1), 
(16, 45.00, 11, 1), 
(17, 62.00, 13, 6), 
(18, 11.00, 14, 5), 
(19, 25.00, 15, 5), 
(20, 49.00, 16, 6), 
(21, 22.50, 17, 7), 
(22, 50.00, 18, 8), 
(23, 80.00, 19, 9), 
(24, 30.00, 20, 10), 
(25, 300.00, 20, 4), 
(26, 200.00, 19, 1), 
(27, 10.00, 18, 6), 
(28, 40.00, 17, 9), 
(29, 380.00, 16, 6), 
(30, 140.00, 15, 5);